<?xml version="1.0" encoding="utf-8" standalone="yes"?><rss version="2.0" xmlns:atom="http://www.w3.org/2005/Atom"><channel><title>Computer Engineering Junior Seminar | SWIFT-SAT FR3</title><link>https://swiftsatfr3.github.io/author/computer-engineering-junior-seminar/</link><atom:link href="https://swiftsatfr3.github.io/author/computer-engineering-junior-seminar/index.xml" rel="self" type="application/rss+xml"/><description>Computer Engineering Junior Seminar</description><generator>Wowchemy (https://wowchemy.com)</generator><language>en-us</language><image><url>https://swiftsatfr3.github.io/images/logo.svg</url><title>Computer Engineering Junior Seminar</title><link>https://swiftsatfr3.github.io/author/computer-engineering-junior-seminar/</link></image></channel></rss>