<?xml version="1.0" encoding="utf-8" standalone="yes"?><rss version="2.0" xmlns:atom="http://www.w3.org/2005/Atom"><channel><title>Wendy Belluomini | SWIFT-SAT FR3</title><link>https://swiftsatfr3.github.io/author/wendy-belluomini/</link><atom:link href="https://swiftsatfr3.github.io/author/wendy-belluomini/index.xml" rel="self" type="application/rss+xml"/><description>Wendy Belluomini</description><generator>Wowchemy (https://wowchemy.com)</generator><language>en-us</language><image><url>https://swiftsatfr3.github.io/images/logo.svg</url><title>Wendy Belluomini</title><link>https://swiftsatfr3.github.io/author/wendy-belluomini/</link></image></channel></rss>