<?xml version="1.0" encoding="utf-8" standalone="yes"?><rss version="2.0" xmlns:atom="http://www.w3.org/2005/Atom"><channel><title>Wireless Information Networks Laboratory | SWIFT-SAT FR3</title><link>https://swiftsatfr3.github.io/author/wireless-information-networks-laboratory/</link><atom:link href="https://swiftsatfr3.github.io/author/wireless-information-networks-laboratory/index.xml" rel="self" type="application/rss+xml"/><description>Wireless Information Networks Laboratory</description><generator>Wowchemy (https://wowchemy.com)</generator><language>en-us</language><image><url>https://swiftsatfr3.github.io/images/logo.svg</url><title>Wireless Information Networks Laboratory</title><link>https://swiftsatfr3.github.io/author/wireless-information-networks-laboratory/</link></image></channel></rss>