<?xml version="1.0" encoding="utf-8" standalone="yes"?><rss version="2.0" xmlns:atom="http://www.w3.org/2005/Atom"><channel><title>Recent &amp; Upcoming Talks | SWIFT-SAT FR3</title><link>https://swiftsatfr3.github.io/talk/</link><atom:link href="https://swiftsatfr3.github.io/talk/index.xml" rel="self" type="application/rss+xml"/><description>Recent &amp; Upcoming Talks</description><generator>Wowchemy (https://wowchemy.com)</generator><language>en-us</language><image><url>https://swiftsatfr3.github.io/images/logo.svg</url><title>Recent &amp; Upcoming Talks</title><link>https://swiftsatfr3.github.io/talk/</link></image></channel></rss>