<?xml version="1.0" encoding="utf-8" standalone="yes"?><rss version="2.0" xmlns:atom="http://www.w3.org/2005/Atom"><channel><title>Thrust_2 | SWIFT-SAT FR3</title><link>https://swiftsatfr3.github.io/author/thrust_2/</link><atom:link href="https://swiftsatfr3.github.io/author/thrust_2/index.xml" rel="self" type="application/rss+xml"/><description>Thrust_2</description><generator>Wowchemy (https://wowchemy.com)</generator><language>en-us</language><image><url>https://swiftsatfr3.github.io/images/logo.svg</url><title>Thrust_2</title><link>https://swiftsatfr3.github.io/author/thrust_2/</link></image></channel></rss>