[{"authors":["Michael Wu"],"categories":null,"content":"Chung-Tse Michael Wu (Senior Member, IEEE) received the B.S. degree in electrical engineering from National Taiwan University, Taipei, Taiwan, in 2006, and the M.S. and Ph.D. degrees in electrical engineering from the University of California at Los Angeles, Los Angeles, CA, USA, in 2009 and 2014, respectively.,From September 2008 to June 2014, he was a Graduate Student Researcher with the Microwave Electronics Laboratory, UCLA. In 2009, he was a Summer Intern with Bell Labs, Murray Hills, NJ, USA. In 2012, he was a Special-Joint Researcher with the Japan Aerospace Exploration Agency, Sagamihara, Japan. From 2014 to 2017, he was an Assistant Professor with the Department of Electrical and Computer Engineering, Wayne State University, Detroit, MI, USA. He is currently an Assistant Professor with Rutgers University, New Brunswick, NJ, USA. His research interests include applied electromagnetics, antennas, passive/active microwave and millimeter-wave components, RF systems, and metamaterials.,Dr. Wu is currently the Vice Chair of the IEEE Princeton Central Jersey Section, and the Vice Chair of the IEEE PCJS joint AP/ED/MTT chapter. He is also the Chair and a Technical Program Committee Member of the IEEE MTT-28: Biological Effects and Medical Applications of RF and Microwaves. He was the recipient of the National Science Foundation (NSF) Faculty Early Career Development (CAREER) Award, WSU College of Engineering Faculty Research Excellence Award in 2016, Defense Advanced Research Projects Agency (DARPA) Young Faculty Award (YFA) in 2019, and DARPA Director’s Fellowship Award in 2021.\n","date":-62135596800,"expirydate":-62135596800,"kind":"term","lang":"en","lastmod":-62135596800,"objectID":"b7e440202253f464e61a69bb2582b908","permalink":"https://swiftsatfr3.github.io/author/chung-tse-michael-wu/","publishdate":"0001-01-01T00:00:00Z","relpermalink":"/author/chung-tse-michael-wu/","section":"authors","summary":"Chung-Tse Michael Wu (Senior Member, IEEE) received the B.S. degree in electrical engineering from National Taiwan University, Taipei, Taiwan, in 2006, and the M.S. and Ph.D. degrees in electrical engineering from the University of California at Los Angeles, Los Angeles, CA, USA, in 2009 and 2014, respectively.","tags":null,"title":"Chung-Tse Michael Wu","type":"authors"},{"authors":["Ivan Seskar"],"categories":null,"content":"Ivan Seskar is the Chief Technologist at WINLAB, Rutgers University responsible for experimental systems and prototyping projects. He is currently the program director for the COSMOS project responsible for the New York City NSF PAWR deployment, the PI for the NSF GENI Wireless project, which resulted in campus deployments of LTE/WiMAX base stations at several US universities, and the PI for the NSF CloudLab deployment at Rutgers. He has also been the co-PI and project manager for all three phases of the NSF-supported ORBIT mid-scale testbed project at WINLAB, successfully leading technology development and operations since the testbed was released as a community resource in 2005 and for which the team received the 2008 NSF Alexander Schwarzkopf Prize for Technological Innovation. Ivan is a co-chair of the IEEE Future Networks Testbed Working Group, a Senior Member of the IEEE, a member of ACM and the co-founder and CTO of Upside Wireless Inc.\n","date":-62135596800,"expirydate":-62135596800,"kind":"term","lang":"en","lastmod":-62135596800,"objectID":"e667d37429901917c31cf96c07fcbf08","permalink":"https://swiftsatfr3.github.io/author/ivan-seskar/","publishdate":"0001-01-01T00:00:00Z","relpermalink":"/author/ivan-seskar/","section":"authors","summary":"Ivan Seskar is the Chief Technologist at WINLAB, Rutgers University responsible for experimental systems and prototyping projects. He is currently the program director for the COSMOS project responsible for the New York City NSF PAWR deployment, the PI for the NSF GENI Wireless project, which resulted in campus deployments of LTE/WiMAX base stations at several US universities, and the PI for the NSF CloudLab deployment at Rutgers.","tags":null,"title":"Ivan Seskar","type":"authors"},{"authors":["Narayan Mandayam"],"categories":null,"content":"Ivan Seskar is the Chief Technologist at WINLAB, Rutgers University responsible for experimental systems and prototyping projects. He is currently the program director for the COSMOS project responsible for the New York City NSF PAWR deployment, the PI for the NSF GENI Wireless project, which resulted in campus deployments of LTE/WiMAX base stations at several US universities, and the PI for the NSF CloudLab deployment at Rutgers. He has also been the co-PI and project manager for all three phases of the NSF-supported ORBIT mid-scale testbed project at WINLAB, successfully leading technology development and operations since the testbed was released as a community resource in 2005 and for which the team received the 2008 NSF Alexander Schwarzkopf Prize for Technological Innovation. Ivan is a co-chair of the IEEE Future Networks Testbed Working Group, a Senior Member of the IEEE, a member of ACM and the co-founder and CTO of Upside Wireless Inc.\n","date":-62135596800,"expirydate":-62135596800,"kind":"term","lang":"en","lastmod":-62135596800,"objectID":"3ab307c15c0b36d9b0fed4edb09186ba","permalink":"https://swiftsatfr3.github.io/author/narayan-mandayam/","publishdate":"0001-01-01T00:00:00Z","relpermalink":"/author/narayan-mandayam/","section":"authors","summary":"Ivan Seskar is the Chief Technologist at WINLAB, Rutgers University responsible for experimental systems and prototyping projects. He is currently the program director for the COSMOS project responsible for the New York City NSF PAWR deployment, the PI for the NSF GENI Wireless project, which resulted in campus deployments of LTE/WiMAX base stations at several US universities, and the PI for the NSF CloudLab deployment at Rutgers.","tags":null,"title":"Narayan Mandayam","type":"authors"},{"authors":["Shaghayegh Vosoughitabar"],"categories":null,"content":"Shaghayegh Vosoughitabar is a third-year doctoral student in the electrical and computer engineering department at Rutgers University, studying under Professor Chung-Tse Michael Wu. Before arriving in New Jersey, Shaghayegh completed a bachelor’s and master\u0026rsquo;s degree in from Iran University of Science and Technology. She is particularly interested in the intersectionality of metamaterial antennas and wireless communication security. Her current internship is at Apple, as a Wireless Systems Intern.\n","date":-62135596800,"expirydate":-62135596800,"kind":"term","lang":"en","lastmod":-62135596800,"objectID":"8f17f9db2440f23abcbcbd727e8bc6a6","permalink":"https://swiftsatfr3.github.io/author/shaghayegh-vosoughitabar/","publishdate":"0001-01-01T00:00:00Z","relpermalink":"/author/shaghayegh-vosoughitabar/","section":"authors","summary":"Shaghayegh Vosoughitabar is a third-year doctoral student in the electrical and computer engineering department at Rutgers University, studying under Professor Chung-Tse Michael Wu. Before arriving in New Jersey, Shaghayegh completed a bachelor’s and master\u0026rsquo;s degree in from Iran University of Science and Technology.","tags":null,"title":"Shaghayegh Vosoughitabar","type":"authors"},{"authors":["Sreeram Mandava"],"categories":null,"content":"Sreeram Mandava is a first-year masters student in the electrical and computer engineering department at Rutgers University, studying under Professor Mandayam and Ivan Seskar. Before entering the master\u0026rsquo;s program, Sreeram completed a bachelor’s at Rutgers University. He is particularly interested in the machine learning, wireless communication, and digital signal processing. He currently is a graduate assistant at WINLAB.\n","date":-62135596800,"expirydate":-62135596800,"kind":"term","lang":"en","lastmod":-62135596800,"objectID":"3a196d00894f6468a39df88f950171d3","permalink":"https://swiftsatfr3.github.io/author/sreeram-mandava/","publishdate":"0001-01-01T00:00:00Z","relpermalink":"/author/sreeram-mandava/","section":"authors","summary":"Sreeram Mandava is a first-year masters student in the electrical and computer engineering department at Rutgers University, studying under Professor Mandayam and Ivan Seskar. Before entering the master\u0026rsquo;s program, Sreeram completed a bachelor’s at Rutgers University.","tags":null,"title":"Sreeram Mandava","type":"authors"},{"authors":["Curt Nelson"],"categories":null,"content":"Recently retired professor of electrical engineering gat Walla Walla University. Worked with Chris on Technology mapping of timed circuits.\n","date":-62135596800,"expirydate":-62135596800,"kind":"term","lang":"en","lastmod":-62135596800,"objectID":"47d5b0fff156712cd9143b4d9d99e16d","permalink":"https://swiftsatfr3.github.io/author/curt-nelson/","publishdate":"0001-01-01T00:00:00Z","relpermalink":"/author/curt-nelson/","section":"authors","summary":"Recently retired professor of electrical engineering gat Walla Walla University. Worked with Chris on Technology mapping of timed circuits.","tags":null,"title":"Curt Nelson","type":"authors"},{"authors":["Curtis Madsen"],"categories":null,"content":"While he was an undergraduate and graduate researcher in Professor Chris Myers\u0026rsquo;s lab at the University of Utah, Curtis worked on utilizing stochastic model checking and simulation to perform design space exploration of synthetic genetic circuits. In particular, he worked on adding functionality to iBioSim to automatically partition the state space of said genetic circuits and apply Markovian analysis to determine the probabilities of certain events occurring. Since then, he has been involved in the development of several tools in computational synthetic biology as a postdoc at both Newcastle University and Boston University including the SynBioHub, BioPSy, and Phoenix. Curtis is currently a research and development computer scientist at Sandia National Laboratories in Albuquerque, New Mexico.\n","date":-62135596800,"expirydate":-62135596800,"kind":"term","lang":"en","lastmod":-62135596800,"objectID":"e57d2648c1b0d7766e84b4c06e7b5e0d","permalink":"https://swiftsatfr3.github.io/author/curtis-madsen/","publishdate":"0001-01-01T00:00:00Z","relpermalink":"/author/curtis-madsen/","section":"authors","summary":"While he was an undergraduate and graduate researcher in Professor Chris Myers\u0026rsquo;s lab at the University of Utah, Curtis worked on utilizing stochastic model checking and simulation to perform design space exploration of synthetic genetic circuits.","tags":null,"title":"Curtis Madsen","type":"authors"},{"authors":["Hans Jacobson"],"categories":null,"content":"Hans Jacobson received his M.S. degree in Computer Engineering from University of Lulea, Sweden, in 1996 and his Ph.D. degree in Computer Science from University of Utah in 2004.\nHe has been with the Design Automation and Microarchitecture departments at IBM T. J. Watson Research Center since 2001. Dr. Jacobson has developed power modeling methodologies and tools currently in use in IBM microprocessor design, and has been part of the power modeling, design, and verification of several IBM microprocessors and test chips. He is currently leading the power modeling work on a future IBM processor chip. His research interests are in advanced pipelining and clocking techniques, power efficient micro-architectures and circuits, and early stage power modeling.\n","date":-62135596800,"expirydate":-62135596800,"kind":"term","lang":"en","lastmod":-62135596800,"objectID":"be7378bb376556788ee45dfda7cf1f61","permalink":"https://swiftsatfr3.github.io/author/hans-jacobson/","publishdate":"0001-01-01T00:00:00Z","relpermalink":"/author/hans-jacobson/","section":"authors","summary":"Hans Jacobson received his M.S. degree in Computer Engineering from University of Lulea, Sweden, in 1996 and his Ph.D. degree in Computer Science from University of Utah in 2004.\nHe has been with the Design Automation and Microarchitecture departments at IBM T.","tags":null,"title":"Hans Jacobson","type":"authors"},{"authors":["Hao Zheng"],"categories":null,"content":"Hao Zheng is a former PhD student under Chris Myers supervision. He graduated in 2001, and now he is an Associate Professor at the University of South Florida. His research interests are main in formal method in system designs, verification, and validation.\n","date":-62135596800,"expirydate":-62135596800,"kind":"term","lang":"en","lastmod":-62135596800,"objectID":"e2dfda2405c198cc460eb65d2f9d993a","permalink":"https://swiftsatfr3.github.io/author/hao-zheng/","publishdate":"0001-01-01T00:00:00Z","relpermalink":"/author/hao-zheng/","section":"authors","summary":"Hao Zheng is a former PhD student under Chris Myers supervision. He graduated in 2001, and now he is an Associate Professor at the University of South Florida. His research interests are main in formal method in system designs, verification, and validation.","tags":null,"title":"Hao Zheng","type":"authors"},{"authors":["David Walter"],"categories":null,"content":"Under Chris’s supervision at the University of Utah, Hiro pursued a doctoral dissertation research project that applied engineering techniques to analyze biological systems; he developed systematic model abstraction methods for efficient analysis of gene regulatory systems. After obtaining a Ph.D. in Computer Science, he gained additional training in the research area of computational biology: first, as a junior researcher at The Microsoft Research - University of Trento Centre for Computational and Systems Biology and next, as a Ray and Stephanie Lane fellow in School of Computer Science at Carnegie Mellon University.\nHiro is currently a Research Scientist in Computational Bioscience Research Center at King Abdullah University of Science and Technology. His research interests include computational systems and synthetic biology, evolutionary systems biology, bioinformatics, and computational medicine.\n","date":-62135596800,"expirydate":-62135596800,"kind":"term","lang":"en","lastmod":-62135596800,"objectID":"9b090120cb8c9737a402483b17af01c0","permalink":"https://swiftsatfr3.github.io/author/hiroyuki-kuwahara/","publishdate":"0001-01-01T00:00:00Z","relpermalink":"/author/hiroyuki-kuwahara/","section":"authors","summary":"Under Chris’s supervision at the University of Utah, Hiro pursued a doctoral dissertation research project that applied engineering techniques to analyze biological systems; he developed systematic model abstraction methods for efficient analysis of gene regulatory systems.","tags":null,"title":"Hiroyuki Kuwahara","type":"authors"},{"authors":["Robert Thacker"],"categories":null,"content":"Robert studied Computer Science at the University of Utah, where his research activities focused on cad tool development for asynchronous circuit design and formal verification. He received an SRC fellowship in 1998. He spent 3 years at IBM working on formal verification tools. Robert is currently employed as a flow development engineer at AMD. Robert retired from the U.S. Army in 2018.\n","date":-62135596800,"expirydate":-62135596800,"kind":"term","lang":"en","lastmod":-62135596800,"objectID":"ee08c292e872e66b10df6b5cf396f246","permalink":"https://swiftsatfr3.github.io/author/robert-thacker/","publishdate":"0001-01-01T00:00:00Z","relpermalink":"/author/robert-thacker/","section":"authors","summary":"Robert studied Computer Science at the University of Utah, where his research activities focused on cad tool development for asynchronous circuit design and formal verification. He received an SRC fellowship in 1998.","tags":null,"title":"Robert Thacker","type":"authors"},{"authors":["Tramy Nguyen"],"categories":null,"content":"Tramy joined Chris Myer\u0026rsquo;s lab as an undergraduate student working on the development of a java library for the SBOL (Synthetic Biology Open Language) data standard. She then continued as a graduate student working on building computer aided design software for genetic circuits. Specifically, Tramy developed an end-to-end workflow for sequential genetic circuit design. Currently, Tramy is a research engineer at Raytheon BBN Technologies.\n","date":-62135596800,"expirydate":-62135596800,"kind":"term","lang":"en","lastmod":-62135596800,"objectID":"5ba6dbfafdd3cf960ea8f7e509faa444","permalink":"https://swiftsatfr3.github.io/author/tramy-nguyen/","publishdate":"0001-01-01T00:00:00Z","relpermalink":"/author/tramy-nguyen/","section":"authors","summary":"Tramy joined Chris Myer\u0026rsquo;s lab as an undergraduate student working on the development of a java library for the SBOL (Synthetic Biology Open Language) data standard. She then continued as a graduate student working on building computer aided design software for genetic circuits.","tags":null,"title":"Tramy Nguyen","type":"authors"},{"authors":["Wendy Belluomini"],"categories":null,"content":"","date":-62135596800,"expirydate":-62135596800,"kind":"term","lang":"en","lastmod":-62135596800,"objectID":"31fc46f9ad2bc8ace3f4653b35d667c0","permalink":"https://swiftsatfr3.github.io/author/wendy-belluomini/","publishdate":"0001-01-01T00:00:00Z","relpermalink":"/author/wendy-belluomini/","section":"authors","summary":"","tags":null,"title":"Wendy Belluomini","type":"authors"},{"authors":["Zhen Zhang"],"categories":null,"content":"Zhen\u0026rsquo;s primary interest is in the modeling and verification of concurrent and probabilistic systems. He is interested in developing theories and algorithms to advance formal verification techniques in both conventional and probabilistic settings, and their applications in synthetic biology, robustness verification of deep neural networks, Network-on-Chip (NoC) systems, and cyber-physical systems. Zhen started his research in formal verification of NoC systems and synthetic biology during his graduate study at Dr. Myers\u0026rsquo; research group. He worked on formal verification of a fault-tolerant NoC routing protocol, stochastic verification of genetic circuits, and implemented a Java library for the Synthetic Biology Open Language (SBOL) standard. Zhen is currently an assistant professor at Utah State University.\n","date":-62135596800,"expirydate":-62135596800,"kind":"term","lang":"en","lastmod":-62135596800,"objectID":"9de99587880a3b48317ed9877bca1921","permalink":"https://swiftsatfr3.github.io/author/zhen-zhang/","publishdate":"0001-01-01T00:00:00Z","relpermalink":"/author/zhen-zhang/","section":"authors","summary":"Zhen\u0026rsquo;s primary interest is in the modeling and verification of concurrent and probabilistic systems. He is interested in developing theories and algorithms to advance formal verification techniques in both conventional and probabilistic settings, and their applications in synthetic biology, robustness verification of deep neural networks, Network-on-Chip (NoC) systems, and cyber-physical systems.","tags":null,"title":"Zhen Zhang","type":"authors"},{"authors":["Chris Krieger"],"categories":null,"content":"Christopher Krieger began his research career in Dr. Myer\u0026rsquo;s Asynchronous Circuits lab at the University of Utah as an MS student. He focused on asynchronous hardware systems, working particularly on extending the ATACS system to synthesize a wider range of systems. Krieger\u0026rsquo;s work enabled ATACS to efficiently add context variables to complete the state coding of a system, thereby removing ambiguity. This work allowed for the insertion of the minimum number of context variables by carefully choosing where to insert the variables and their transitions.\nAfter graduation, Chris worked at Hewlett-Packard and Intel in their microprocessor design labs. He developed EDA tools for server microprocessors and worked as a microprocessor performance architect. Over his career, he worked on two HP PA-RISC® processors (8700/8800), 5 Itanium® processors, 1 Xeon® processor and 1 Atom® processor.\nChris returned to school and completed a PhD program in Computer Science at Colorado State University. His advisor was Dr. Michelle Strout. For his dissertation, Krieger researched a new programming language abstraction, called a loop chain. By identifying a group of loops as a loop chain, compilers and runtime optimizers can perform a variety of code and data transformations to improve locality (e.g. full sparse tiling), concurrency (shared memory autoparallelization), or arithmetic intensity (improved vectorization).\nDr. Krieger is now a lead researcher in the Advanced Computing Systems group at the Laboratory for Physical Sciences on the University of Maryland campus. He directs a team of researchers designing and evaluating custom and commercial hardware for machine learning and neuromorphic computing.\n","date":-62135596800,"expirydate":-62135596800,"kind":"term","lang":"en","lastmod":-62135596800,"objectID":"aa0f99654ff619728a19169197a12960","permalink":"https://swiftsatfr3.github.io/author/chris-krieger/","publishdate":"0001-01-01T00:00:00Z","relpermalink":"/author/chris-krieger/","section":"authors","summary":"Christopher Krieger began his research career in Dr. Myer\u0026rsquo;s Asynchronous Circuits lab at the University of Utah as an MS student. He focused on asynchronous hardware systems, working particularly on extending the ATACS system to synthesize a wider range of systems.","tags":null,"title":"Chris Krieger","type":"authors"},{"authors":["Meher Samineni"],"categories":null,"content":"Meher Samineni graduated from University of Utah with a B.S/M.S in Computer Science. She was an undergraduate and graduate researcher within Myers Research Group. Her work involved helping maintain the SBOL libraries as well as creating methodology for synthetic biology tooling compatibility and data compliance. After graduation, she decided to become a developer in industry and is currently a software developer at REI.\n","date":-62135596800,"expirydate":-62135596800,"kind":"term","lang":"en","lastmod":-62135596800,"objectID":"8373ca745111dfe8a86e202f3544ddd0","permalink":"https://swiftsatfr3.github.io/author/meher-samineni/","publishdate":"0001-01-01T00:00:00Z","relpermalink":"/author/meher-samineni/","section":"authors","summary":"Meher Samineni graduated from University of Utah with a B.S/M.S in Computer Science. She was an undergraduate and graduate researcher within Myers Research Group. Her work involved helping maintain the SBOL libraries as well as creating methodology for synthetic biology tooling compatibility and data compliance.","tags":null,"title":"Meher Samineni","type":"authors"},{"authors":["Yanyi Zhao"],"categories":null,"content":"Yanyi Zhao is a Program Manager at Juniper Networks, a leading company in the networking industry. She has over five years of experience in networking, and over eight years in the medical device industry. Yanyi graduated from the University of Utah with a Bachelor and Master of Science in Electrical Engineering. She worked in Professor Chris Myers’ research group from 2001 to 2004. In her Bachelor’s thesis, Yanyi designed and synthesized an asynchronous MPEG decoder implemented on a FPGA. For her Master’s thesis, she developed a completely automated tool flow for FPGA design of asynchronous circuits from high-level specifications. This research leveraged both asynchronous and synchronous design automation tools in an innovative fashion. In her free time, Yanyi enjoys watching movies, eating seafood tacos, and travelling to different beach destinations.\n","date":-62135596800,"expirydate":-62135596800,"kind":"term","lang":"en","lastmod":-62135596800,"objectID":"0bca450ac30dcc221b58ed4a98ef95de","permalink":"https://swiftsatfr3.github.io/author/yanyi-zhao/","publishdate":"0001-01-01T00:00:00Z","relpermalink":"/author/yanyi-zhao/","section":"authors","summary":"Yanyi Zhao is a Program Manager at Juniper Networks, a leading company in the networking industry. She has over five years of experience in networking, and over eight years in the medical device industry.","tags":null,"title":"Yanyi Zhao","type":"authors"},{"authors":["Oliver Flatt"],"categories":null,"content":"Undergraduate researcher, currently working on the floating-point improvement tool Herbie.\n","date":-62135596800,"expirydate":-62135596800,"kind":"term","lang":"en","lastmod":-62135596800,"objectID":"7b257f1e091ccdeb67fb020984d090c0","permalink":"https://swiftsatfr3.github.io/author/oliver-flatt/","publishdate":"0001-01-01T00:00:00Z","relpermalink":"/author/oliver-flatt/","section":"authors","summary":"Undergraduate researcher, currently working on the floating-point improvement tool Herbie.","tags":null,"title":"Oliver Flatt","type":"authors"},{"authors":["Thomas Stoughton"],"categories":null,"content":"Thomas is a student at CU Boulder studying computer science, computational biology, and applied math. He is working with Chris on the integration of the SBOLCanvas and iBioSim tools into a single web-based genetic circuit designer and modeling program.\n","date":-62135596800,"expirydate":-62135596800,"kind":"term","lang":"en","lastmod":-62135596800,"objectID":"7912c13d8f40167f1a2d2dc671dd3d74","permalink":"https://swiftsatfr3.github.io/author/thomas-stoughton/","publishdate":"0001-01-01T00:00:00Z","relpermalink":"/author/thomas-stoughton/","section":"authors","summary":"Thomas is a student at CU Boulder studying computer science, computational biology, and applied math. He is working with Chris on the integration of the SBOLCanvas and iBioSim tools into a single web-based genetic circuit designer and modeling program.","tags":null,"title":"Thomas Stoughton","type":"authors"},{"authors":["Tyler Patterson"],"categories":null,"content":"Tyler has loved creating software since he was 13 years old. He helped Chris with visualization code in iBioSim. After graduation he founded Ever Accountable, a company that creates software to help people avoid and overcome pornography. He now leads a team of people at Ever Accountable who push the boundaries of technology and psychology to make pornography avoidance and recovery as easy as possible.\n","date":-62135596800,"expirydate":-62135596800,"kind":"term","lang":"en","lastmod":-62135596800,"objectID":"088cdfbea0254ba7a213991aa862a7eb","permalink":"https://swiftsatfr3.github.io/author/tyler-patterson/","publishdate":"0001-01-01T00:00:00Z","relpermalink":"/author/tyler-patterson/","section":"authors","summary":"Tyler has loved creating software since he was 13 years old. He helped Chris with visualization code in iBioSim. After graduation he founded Ever Accountable, a company that creates software to help people avoid and overcome pornography.","tags":null,"title":"Tyler Patterson","type":"authors"},{"authors":["Zach Zundel"],"categories":null,"content":"Zach worked on SynBioHub as well as assorted tooling related to the SBOL Standard. He created continuous integration and deployment processes for many libraries and tools in the SBOL ecosystem. He now works on reliability and incident management for Facebook.\n","date":-62135596800,"expirydate":-62135596800,"kind":"term","lang":"en","lastmod":-62135596800,"objectID":"afa9220ff9c72190a887718b1c33b3dd","permalink":"https://swiftsatfr3.github.io/author/zach-zundel/","publishdate":"0001-01-01T00:00:00Z","relpermalink":"/author/zach-zundel/","section":"authors","summary":"Zach worked on SynBioHub as well as assorted tooling related to the SBOL Standard. He created continuous integration and deployment processes for many libraries and tools in the SBOL ecosystem. He now works on reliability and incident management for Facebook.","tags":null,"title":"Zach Zundel","type":"authors"},{"authors":["WINLAB"],"categories":null,"content":"WINLAB’s research mission is to make fundamental contributions to the theory and practice of emerging wireless technologies and networks, working in close collaboration with industry and government. The center’s educational mission is to train the next generation of wireless technologists via advanced research experiences integrated with academic programs.\nWINLAB (Wireless Information Network Laboratory), an industry-university cooperative research center focused on wireless technology, was founded at New Jersey’s Rutgers University in 1989. Its research mission is to advance the development of wireless networking technology by combining the resources of government, industry and academia. The center’s educational mission is to train the next generation of wireless technologists via graduate research programs that are especially relevant to industry.\nWINLAB has enjoyed considerable success in achieving these goals. The center has completed over 30 years of research on wireless data networks, and has made a number of important technical contributions to mobile computing, high speed modem design, radio resource management, network architectures and protocols and programmable network/wireless testbeds . In fulfillment of its educational aims, to date WINLAB has also produced over 150 MS and PhD graduates specializing in wireless technology. These graduates are playing a key role within leading wireless technology and service companies as they work toward the center’s vision of deploying the Mobile Internet.\nSince its inception, WINLAB has been supported by a broad cross section of leading wireless industry sponsors, including several major wireless equipment vendors, chip manufacturers and service providers based in the United States, Europe and Japan. The center has also received grants from the National Science Foundation (NSF), the Defense Advanced Research Projects Agency (DARPA) and the New Jersey Commission on Science and Technology (NJCST). WINLAB operates the “ORBIT” Next-Generation Wireless Testbed and runs one of the campus network sites in the GENI/CloudLab/Fabric national-scale future Internet testbed, thus serving as a hub for experimental wireless and networking research for the community as a whole. During the period 2010-19, a WINLAB-led team was awarded a major multi-institutional “Future Internet Architecture” (FIA) grant from NSF to design, prototype and validate a comprehensive mobility-centric future Internet architecture called “MobilityFirst“. WINLAB faculty are also leading a multi-university team on the COSMOS Platforms for Advanced Wireless (PAWR) program funded by NSF starting in 2018. WINLAB faculty have also been awarded numerous research grants from NSF, DARPA, ARL (Army Research Laboratory), NRL (Naval Research Lab) and other agencies on topics ranging from energy efficient radio system and dynamic spectrum access to mobile content delivery and information security/privacy.\nWINLAB sponsors benefit from a collaborative relationship to advance the development of wireless technology. The center serves as a forum for industry-university collaboration involving peer-level technical interchange between faculty, affiliated researchers and sponsor staff.\n","date":-62135596800,"expirydate":-62135596800,"kind":"term","lang":"en","lastmod":-62135596800,"objectID":"2601296b9ca82aa1cd515dcc7a37f885","permalink":"https://swiftsatfr3.github.io/author/winlab/","publishdate":"0001-01-01T00:00:00Z","relpermalink":"/author/winlab/","section":"authors","summary":"WINLAB’s research mission is to make fundamental contributions to the theory and practice of emerging wireless technologies and networks, working in close collaboration with industry and government. The center’s educational mission is to train the next generation of wireless technologists via advanced research experiences integrated with academic programs.","tags":null,"title":"WINLAB","type":"authors"},{"authors":["iBioSim"],"categories":null,"content":"iBioSim has been developed for the modeling, analysis, and design of genetic circuits. It supports modeling and visualization support for multi-cellular and spatial models, importing and exporting models specified using the Systems Biology Markup Language (SBML), and is one of the first tools to also support the Synthetic Biology Open Language (SBOL).\n","date":-62135596800,"expirydate":-62135596800,"kind":"term","lang":"en","lastmod":-62135596800,"objectID":"6376f2be17a1b317e095bd98a8080e46","permalink":"https://swiftsatfr3.github.io/author/ibiosim/","publishdate":"0001-01-01T00:00:00Z","relpermalink":"/author/ibiosim/","section":"authors","summary":"iBioSim has been developed for the modeling, analysis, and design of genetic circuits. It supports modeling and visualization support for multi-cellular and spatial models, importing and exporting models specified using the Systems Biology Markup Language (SBML), and is one of the first tools to also support the Synthetic Biology Open Language (SBOL).","tags":null,"title":"iBioSim","type":"authors"},{"authors":["MWLab"],"categories":null,"content":" Welcome to the Microwave Research Lab (MWLab) at Rutgers, the State University of New Jersey. Our research mainly focuses on:\nMicrowave and Millimeter wave components and circuits/MMIC design Passive and Active Antennas and Phased Arrays Periodic Structures and Electromagnetic Metamaterials RF and Wireless Systems Wireless Power Transmission Microwave Imaging and Radars We are constantly looking for highly self-motivated individuals to join our group! Together, we’ll explore novel microwave/RF technologies to make our lives better.\n","date":-62135596800,"expirydate":-62135596800,"kind":"term","lang":"en","lastmod":-62135596800,"objectID":"bb7bb74b7492697c951ca33afe171fbf","permalink":"https://swiftsatfr3.github.io/author/mwlab/","publishdate":"0001-01-01T00:00:00Z","relpermalink":"/author/mwlab/","section":"authors","summary":"Welcome to the Microwave Research Lab (MWLab) at Rutgers, the State University of New Jersey. Our research mainly focuses on:\nMicrowave and Millimeter wave components and circuits/MMIC design Passive and Active Antennas and Phased Arrays Periodic Structures and Electromagnetic Metamaterials RF and Wireless Systems Wireless Power Transmission Microwave Imaging and Radars We are constantly looking for highly self-motivated individuals to join our group!","tags":null,"title":"MWLab","type":"authors"},{"authors":["SynBioHub"],"categories":null,"content":"The SynBioHub repository is an open-source software project that facilitates the sharing of information about engineered biological systems. SynBioHub provides computational access for software and data integration, and a graphical user interface that enables users to search for and share designs in a Web browser. By connecting to relevant repositories (e.g., the iGEM repository, JBEI ICE, and other instances of SynBioHub), the software allows users to browse, upload, and download data in various standard formats, regardless of their location or representation. SynBioHub also provides a central reference point for other resources to link to, delivering design information in a standardized format using the Synthetic Biology Open Language (SBOL). The adoption and use of SynBioHub, a community-driven effort, has the potential to overcome the reproducibility challenge across laboratories by helping to address the current lack of information about published designs.\nAdditionally, SynBioHub can be used to publish a library of synthetic parts and designs as a service, to share designs with collaborators, and to store designs of biological systems locally. Data in SynBioHub can be accessed via the HTTP API, Java API, or Python API where it can then be integrated into CAD tools for building genetic designs. SynBioHub contains an interface for users to upload new biological data to the database, to visualize DNA parts, to perform queries to access desired parts, and to download SBOL, GenBank, FASTA, etc.\n","date":-62135596800,"expirydate":-62135596800,"kind":"term","lang":"en","lastmod":-62135596800,"objectID":"67a301489509331c9705649991d5a9f7","permalink":"https://swiftsatfr3.github.io/author/synbiohub/","publishdate":"0001-01-01T00:00:00Z","relpermalink":"/author/synbiohub/","section":"authors","summary":"The SynBioHub repository is an open-source software project that facilitates the sharing of information about engineered biological systems. SynBioHub provides computational access for software and data integration, and a graphical user interface that enables users to search for and share designs in a Web browser.","tags":null,"title":"SynBioHub","type":"authors"},{"authors":["teach-async"],"categories":null,"content":"In recent years, there has been a resurgence of interest in the design of asynchronous circuits due to their ability to eliminate clock skew problems, achieve average case performance, adapt to environmental and processing variations, provide component modularity, and lower system power requirements. There is, however, a widely held belief that asynchronous design is difficult and leads to inefficient and unreliable designs. The goal of this course is to dispel this belief by introducing a systematic approach to the design of asynchronous VLSI systems from a high-level specification to an efficient and reliable circuit implementation. This course will include both hands-on experience with existing CAD tools as well as learn the algorithms within them. Topics will include specification, synthesis, optimization with timing information, performance analysis, and verification.\n","date":-62135596800,"expirydate":-62135596800,"kind":"term","lang":"en","lastmod":-62135596800,"objectID":"36322175fe121bfbdaf0af823c9cd5e7","permalink":"https://swiftsatfr3.github.io/author/asynchronous-circuit-design/","publishdate":"0001-01-01T00:00:00Z","relpermalink":"/author/asynchronous-circuit-design/","section":"authors","summary":"In recent years, there has been a resurgence of interest in the design of asynchronous circuits due to their ability to eliminate clock skew problems, achieve average case performance, adapt to environmental and processing variations, provide component modularity, and lower system power requirements.","tags":null,"title":"Asynchronous Circuit Design","type":"authors"},{"authors":["teach-async"],"categories":null,"content":"In recent years, there has been a resurgence of interest in the design of asynchronous circuits due to their ability to eliminate clock skew problems, achieve average case performance, adapt to environmental and processing variations, provide component modularity, and lower system power requirements. There is, however, a widely held belief that asynchronous design is difficult and leads to inefficient and unreliable designs. The goal of this course is to dispel this belief by introducing a systematic approach to the design of asynchronous VLSI systems from a high-level specification to an efficient and reliable circuit implementation. This course will include both hands-on experience with existing CAD tools as well as learn the algorithms within them. Topics will include specification, synthesis, optimization with timing information, performance analysis, and verification.\n","date":-62135596800,"expirydate":-62135596800,"kind":"term","lang":"en","lastmod":-62135596800,"objectID":"74598f5d6defc3765802d59d6aa24ece","permalink":"https://swiftsatfr3.github.io/author/asynchronous-circuit-design/","publishdate":"0001-01-01T00:00:00Z","relpermalink":"/author/asynchronous-circuit-design/","section":"authors","summary":"In recent years, there has been a resurgence of interest in the design of asynchronous circuits due to their ability to eliminate clock skew problems, achieve average case performance, adapt to environmental and processing variations, provide component modularity, and lower system power requirements.","tags":null,"title":"Asynchronous Circuit Design","type":"authors"},{"authors":["teach-microprocessorLab"],"categories":null,"content":"This is a laboratory class in which groups of students (groups can be of size 3 or 4) design, build, and test a simple computer. The idea is to use your digital design skills from 3700, and your computer architecture knowledge from 3810, and put it all together into an interesting semester-long project. You will receive the design specifications in lecture. You will then interpret the specifications and develop a model of the design using a combination of Verilog and schematics. The model should be simulated. Once validated you will synthesize the design onto the FPGA boards. The design will contain the instruction set design, memory organization, ALU design, control, and input-output design.\n","date":-62135596800,"expirydate":-62135596800,"kind":"term","lang":"en","lastmod":-62135596800,"objectID":"a794b9ed3c647bd65488e6a36f2dffec","permalink":"https://swiftsatfr3.github.io/author/computer-design-lab/","publishdate":"0001-01-01T00:00:00Z","relpermalink":"/author/computer-design-lab/","section":"authors","summary":"This is a laboratory class in which groups of students (groups can be of size 3 or 4) design, build, and test a simple computer. The idea is to use your digital design skills from 3700, and your computer architecture knowledge from 3810, and put it all together into an interesting semester-long project.","tags":null,"title":"Computer Design Lab","type":"authors"},{"authors":["teach-juniorSeminar"],"categories":null,"content":"This course serves three primary purposes. First, it will familiarize the students with current trends and career opportunities in Computer Engineering through presentations by industry and faculty members. The second aspect of the course is to provide an education and practice on technical writing for engineers. Third, factors that are important in the engineering profession including professionalism, ethics, the impact of engineering in global and societal contexts, lifelong learning, and contemporary issues will be discussed.\n","date":-62135596800,"expirydate":-62135596800,"kind":"term","lang":"en","lastmod":-62135596800,"objectID":"f87c70e354b07607ac9f74c04b70b730","permalink":"https://swiftsatfr3.github.io/author/computer-engineering-junior-seminar/","publishdate":"0001-01-01T00:00:00Z","relpermalink":"/author/computer-engineering-junior-seminar/","section":"authors","summary":"This course serves three primary purposes. First, it will familiarize the students with current trends and career opportunities in Computer Engineering through presentations by industry and faculty members. The second aspect of the course is to provide an education and practice on technical writing for engineers.","tags":null,"title":"Computer Engineering Junior Seminar","type":"authors"},{"authors":["teach-synbio"],"categories":null,"content":"With the sequencing of the human genome and the genomes of other organisms, we now have a list of the parts that make up these genetic systems. Using this information, researchers are now able to engineer synthetic genetic circuits for a range of applications in the environmental, medical, and energy domains. Crucial to the success of these efforts is the development of methods and tools for the design of these genetic circuits. While inspiration can be drawn from experiences with electronic design, design with a genetic material poses several challenges. In particular, genetic circuits are composed of very noisy components making their behavior more asynchronous, analog, and stochastic in nature. This course will present recent research into new methods and software tools for the modeling, analysis, and design of genetic circuits that are enabling this exciting new field of synthetic biology. As in the sequencing of the human genome, collaborations between engineers and biologists will be essential to the success of synthetic biology. Therefore, the goal of this course is to facilitate these collaborations by teaching both the biological and engineering principles necessary for such research.\n","date":-62135596800,"expirydate":-62135596800,"kind":"term","lang":"en","lastmod":-62135596800,"objectID":"f50eaba96ff4c09df8eceab2ea72bdad","permalink":"https://swiftsatfr3.github.io/author/engineering-genetic-circuits/","publishdate":"0001-01-01T00:00:00Z","relpermalink":"/author/engineering-genetic-circuits/","section":"authors","summary":"With the sequencing of the human genome and the genomes of other organisms, we now have a list of the parts that make up these genetic systems. Using this information, researchers are now able to engineer synthetic genetic circuits for a range of applications in the environmental, medical, and energy domains.","tags":null,"title":"Engineering Genetic Circuits","type":"authors"},{"authors":["SBKS"],"categories":null,"content":"In an effort to realize an emulation testbed for the FR3 band, the proposed research project will utilize a software-defined radio (SDR) to generate an intermediate frequency (IF) signal from 10 MHz up to 6 GHz. This IF signal can then be up-converted to the desired frequency range within the entire FR3 band (7.125-24 GHz) when utilizing the heterodyne transeiver. By employing the SDR system, a baseband digital signal is generated and subsequently converted to an analog IF signal with an upper limit of 6 GHz. This IF signal serves as the foundation for the subsequent frequency conversion processes. The use of SDR offers significant flexibility as the software can be reconfigured to adapt the basic signal processing components according to the specific requirements. In particular, the flexibility in choosing ai wide range of IF frequency can allow for adapting to various communication protocols in SAT and 5G networks.\n","date":-62135596800,"expirydate":-62135596800,"kind":"term","lang":"en","lastmod":-62135596800,"objectID":"ef57748cfb298efb265fe29d89efc8e8","permalink":"https://swiftsatfr3.github.io/author/thrust_1/","publishdate":"0001-01-01T00:00:00Z","relpermalink":"/author/thrust_1/","section":"authors","summary":"In an effort to realize an emulation testbed for the FR3 band, the proposed research project will utilize a software-defined radio (SDR) to generate an intermediate frequency (IF) signal from 10 MHz up to 6 GHz.","tags":null,"title":"Thrust_1","type":"authors"},{"authors":["Thrust_2"],"categories":null,"content":"In contrast to earlier studies, we will take an emulation based approach here. The 12 GHz SDR development in section 5.1 will allow the deployment of NGSO-FSS receivers in COSMOS along with multiple 5G BS and UEs. Further, the radio mapping algorithm in COSMOS enabled by distributed noise injection allows the creation of arbitrary 5G network topologies on the testbed that correspond to real world network scenarios. Specifically, we will use the noise injection framework to generate topologies where both line of sight (LOS) and non line of sight (NLOS) paths exist between the FSS receivers and the 5G transmitters as shown. The SDRs developed allow emulation of beamforming gains, angles of interference as well as control of modulation formats, transmit power and transmission bandwidth. Further, the control plane architecture in COSMOS allows the emulation of a centralized spectrum server [59] that can coordinate 5G transmissions. It also allows the realization of spectrum sharing algorithms using a distributed control plane implementation. We will use both the centralized server and distributed control plane implementations to study the following.\n","date":-62135596800,"expirydate":-62135596800,"kind":"term","lang":"en","lastmod":-62135596800,"objectID":"ebca76ba9e22382b17cfabc3309fd276","permalink":"https://swiftsatfr3.github.io/author/thrust_2/","publishdate":"0001-01-01T00:00:00Z","relpermalink":"/author/thrust_2/","section":"authors","summary":"In contrast to earlier studies, we will take an emulation based approach here. The 12 GHz SDR development in section 5.1 will allow the deployment of NGSO-FSS receivers in COSMOS along with multiple 5G BS and UEs.","tags":null,"title":"Thrust_2","type":"authors"},{"authors":["Thrust_3"],"categories":null,"content":"The 10.6-10.7 GHz SDR development to emulate a passive radiometer will allow its deployment in COSMOS along with multiple 5G BS and UEs occupying adjacent bands, e.g. 10-10.5 GHz. The AMSR sensors in the 10.6-10.7 GHz band reside on Earth Observation Satellites that are at distances ranging from 666-812 kms from the earth’s surface. The RFI observed at these sensors is a function of the density of 5G terrestrial transmitters, their transmit powers, bandwidths, locations, angles of transmission, and the propagation losses from the earth’s surface to the AMSR sensor. The propagation losses at these distances can be emulated on COSMOS using the noise injection mechanism that can arbitrarily dampen the signal strengths. The radio mapping algorithm mentioned earlier allows the creation of arbitrary 5G network topologies on the testbed that will be used to create aggregate levels of RFI based on transmit powers, bandwidths, locations and angles of transmission. Using this emulation framework, we will use both the centralized server and distributed control plane implementations to study the following.\n","date":-62135596800,"expirydate":-62135596800,"kind":"term","lang":"en","lastmod":-62135596800,"objectID":"c0a93aee23f3bd7053e22fe4a59e83ec","permalink":"https://swiftsatfr3.github.io/author/thrust_3/","publishdate":"0001-01-01T00:00:00Z","relpermalink":"/author/thrust_3/","section":"authors","summary":"The 10.6-10.7 GHz SDR development to emulate a passive radiometer will allow its deployment in COSMOS along with multiple 5G BS and UEs occupying adjacent bands, e.g. 10-10.5 GHz. The AMSR sensors in the 10.","tags":null,"title":"Thrust_3","type":"authors"},{"authors":["teach-verification"],"categories":null,"content":"Course topics include modeling concurrent systems, logics for specifying system properties, model checking algorithms, timing verification, probabilistic verification, and hybrid system verification.\n","date":-62135596800,"expirydate":-62135596800,"kind":"term","lang":"en","lastmod":-62135596800,"objectID":"c3878932fbd98e27752a120809d58b93","permalink":"https://swiftsatfr3.github.io/author/verification-of-cyber-physical-systems/","publishdate":"0001-01-01T00:00:00Z","relpermalink":"/author/verification-of-cyber-physical-systems/","section":"authors","summary":"Course topics include modeling concurrent systems, logics for specifying system properties, model checking algorithms, timing verification, probabilistic verification, and hybrid system verification.","tags":null,"title":"Verification of Cyber-Physical Systems","type":"authors"},{"authors":["VisBOL"],"categories":null,"content":"VisBOL is a tool for the rendering of SBOL constructs in the SBOL visual data standard. It uses the JavaScript React library to add glyphs (complex and simple) and interactions to the visualisations.\n","date":-62135596800,"expirydate":-62135596800,"kind":"term","lang":"en","lastmod":-62135596800,"objectID":"433788506e9a7c1d4a115bce23840655","permalink":"https://swiftsatfr3.github.io/author/visbol/","publishdate":"0001-01-01T00:00:00Z","relpermalink":"/author/visbol/","section":"authors","summary":"VisBOL is a tool for the rendering of SBOL constructs in the SBOL visual data standard. It uses the JavaScript React library to add glyphs (complex and simple) and interactions to the visualisations.","tags":null,"title":"VisBOL","type":"authors"},{"authors":["admin"],"categories":null,"content":"Software Defined Radio based Emulation of SAT-Terrestrial Network Coexistence in FR3 Bands is a NSF project focused on creating an over-the-air indoor FR3 testbed for experimental studies of coexistence between terrestrial and satellite systems, using software-defined radios (SDR) to emulate dense 5G cellular networks and satellite equipment. The FR3 testbed is an extension of an existing testbed, the COSMOS sandbox at Rutgers University WINLAB, and is an open resource remotely accessible to other researchers.\n","date":-62135596800,"expirydate":-62135596800,"kind":"term","lang":"en","lastmod":-62135596800,"objectID":"2525497d367e79493fd32b198b28f040","permalink":"https://swiftsatfr3.github.io/author/wireless-information-networks-laboratory/","publishdate":"0001-01-01T00:00:00Z","relpermalink":"/author/wireless-information-networks-laboratory/","section":"authors","summary":"Software Defined Radio based Emulation of SAT-Terrestrial Network Coexistence in FR3 Bands is a NSF project focused on creating an over-the-air indoor FR3 testbed for experimental studies of coexistence between terrestrial and satellite systems, using software-defined radios (SDR) to emulate dense 5G cellular networks and satellite equipment.","tags":null,"title":"Wireless Information Networks Laboratory","type":"authors"},{"authors":["N. Mandayam","C. Michael Wu","I. Seskar"],"categories":[],"content":"","date":1697155200,"expirydate":-62135596800,"kind":"page","lang":"en","lastmod":1610746476,"objectID":"3b1801e75198045c6fcd245ec48efd17","permalink":"https://swiftsatfr3.github.io/publication/mandayam-sat-2024/","publishdate":"2021-01-15T21:34:36.812355Z","relpermalink":"/publication/mandayam-sat-2024/","section":"publication","summary":"The radio frequency band between 7.125 GHz and 24 GHz, known as Frequency Range 3 (FR3), is promising for next generation cellular systems. This project creates an over-the-air indoor FR3 testbed for experimental studies of coexistence between terrestrial and satellite systems, using software-defined radios (SDR) to emulate dense 5G cellular networks and satellite equipment. The FR3 testbed is an extension of an existing testbed, the COSMOS sandbox at Rutgers University WINLAB, and is an open resource remotely accessible to other researchers. This project uses the FR3 testbed to investigate technologies supporting terrestrial-satellite coexistence, including Machine Learning for radio resource management, interference identification and mitigation. Experimental studies enabled by the testbed are important as a complement to more widely performed modeling and analysis studies, to help make better decisions about how to share FR3 between new cellular systems, existing actively transmitting commercial satellites (e.g. digital broadcast) and existing passively observing scientific satellites (e.g. weather forecasting) without harmful interference to the satellites. Additionally, the project engages students at multiple levels, leveraging the broad outreach capabilities of WINLAB and Rutgers. The project focuses on spectrum sharing between terrestrial 5G and active commercial satellites in the 12.2-12.7 GHz band, and adjacent band coexistence between terrestrial 5G at 10-10.5 GHz and passive scientific satellites in the 10.6-10.7 GHz band. Software and hardware are designed that emulate 5G radio networks, commercial satellite transceivers, and passive radiometers in the targeted frequency bands. Metamaterial software-defined beamforming is used to emulate coexistence with satellites like non-geostationary orbit fixed satellite service (NGSO-FSS), and hot-cold calibration and comparison to datasets from on-orbit AMSR-E and AMSR2 sensors is used to enhance the reliability and realism of radiometer interference experiments. There are three thrusts - (1) design, validate and deploy FR3 SDR-based heterodyne devices, emulation of 5G New Radio (NR) and SAT waveforms, and coexistence emulation methods; (2) use emulation experiments to develop centralized Machine Learning algorithms for integrated radio resource management in sharing between terrestrial 5G and active commercial satellites; and (3) use emulation experiments to assess radiometer sensitivity to terrestrial 5G interference and to develop Machine Learning algorithms for interference identification and mitigation by passive scientific satellites. One outcome of the work in thrust 2 and thrust 3 is a measurement of the fraction of spectrum assigned to the terrestrial 5G cellular system that is \"lost\" due to the strategies used to mitigate interference to satellites.","tags":["Spectrum Coexistence","Heterodyne Transceiver","Machine Learning"],"title":"SWIFT-SAT Software Defined Radio based Emulation of SAT-Terrestrial Network Coexistence in “FR3” Bands","type":"publication"},{"authors":["Chris Myers"],"categories":[],"content":"","date":1599483787,"expirydate":-62135596800,"kind":"page","lang":"en","lastmod":1599483787,"objectID":"f4ebbdabfbb60bf4eda9d7039e167f1f","permalink":"https://swiftsatfr3.github.io/project/sbol/","publishdate":"2020-09-07T10:03:07-03:00","relpermalink":"/project/sbol/","section":"project","summary":"Synthetic Biology Open Language","tags":["Standards"],"title":"SBOL","type":"project"},{"authors":["H. Jacobson","C. Myers","G. Gopalakrishman"],"categories":[],"content":"","date":973036800,"expirydate":-62135596800,"kind":"page","lang":"en","lastmod":1610746476,"objectID":"cc0631a7846bfd957a958ddb9709c1b4","permalink":"https://swiftsatfr3.github.io/jacobsen-achieving-2000/","publishdate":"2021-01-15T21:34:36.812355Z","relpermalink":"/jacobsen-achieving-2000/","section":"","summary":"This paper presents a new approach to two-level hazard-free logic minimization in the context of extended burst-mode finite state machine synthesis targeting generalized C-elements (gC). No currently available minimizers for literal-exact two-level hazard-free logic minimization of extended burst-mode gC controllers can handle large circuits without synthesis times ranging up over thousands of seconds. Even existing heuristic approaches take too much time when iterative exploration over a large design space is required and do not yield minimum results. The logic minimization approach presented in this paper is based on state graph exploration in conjunction with single-cube cover algorithms, an approach that has not been considered for minimization of extended burst-mode finite state machines previously. Our algorithm achieves very fast logic minimization by introducing compacted state graphs and cover tables and an efficient single-cube cover algorithm for single-output minimization. Our exact logic minimizer finds minimal number of literal solutions to all currently available benchmarks, in less than one second on a 333 MHz microprocessor-more than three orders of magnitude faster than existing literal exact methods, and over an order of magnitude faster than existing heuristic methods for the largest benchmarks. This includes a benchmark that has never been possible to solve exactly in number of literals before.","tags":["asynchronous circuits","asynchronous circuit","hazard-free logic minimization","Iterative methods","Jacobian matrices","logic minimization","minimisation of switching nets","state graph exploration","logic circuits","space exploration","circuit","circuit synthesis","automata","hazards","finite state machine","microprocessors","minimization methods"],"title":"Achieving fast and exact hazard-free logic minimization of extended burst-mode gC finite state machines","type":"page"},{"authors":null,"categories":null,"content":"","date":-62135596800,"expirydate":-62135596800,"kind":"page","lang":"en","lastmod":-62135596800,"objectID":"300db838c7a68c4fd14037dd038d2e1c","permalink":"https://swiftsatfr3.github.io/courses/","publishdate":"0001-01-01T00:00:00Z","relpermalink":"/courses/","section":"","summary":"","tags":null,"title":"","type":"widget_page"},{"authors":null,"categories":null,"content":"","date":-62135596800,"expirydate":-62135596800,"kind":"page","lang":"en","lastmod":-62135596800,"objectID":"60abaeb405147d861bb55801d25d30df","permalink":"https://swiftsatfr3.github.io/research/","publishdate":"0001-01-01T00:00:00Z","relpermalink":"/research/","section":"","summary":"","tags":null,"title":"","type":"widget_page"},{"authors":["funding"],"categories":null,"content":"This project is based upon work supported by the National Science Foundation under Grant No. 2332637. Any opinions, findings, and conclusions or recommendations expressed in this material are those of the author(s) and do not necessarily reflect the views of the National Science Foundation.\n","date":-62135596800,"expirydate":-62135596800,"kind":"page","lang":"en","lastmod":-62135596800,"objectID":"b959772fc76d6e0940b1d261f916077f","permalink":"https://swiftsatfr3.github.io/author/funding/","publishdate":"0001-01-01T00:00:00Z","relpermalink":"/author/funding/","section":"authors","summary":"This project is based upon work supported by the National Science Foundation under Grant No. 2332637. Any opinions, findings, and conclusions or recommendations expressed in this material are those of the author(s) and do not necessarily reflect the views of the National Science Foundation.","tags":null,"title":"funding","type":"authors"},{"authors":null,"categories":null,"content":"","date":-62135596800,"expirydate":-62135596800,"kind":"page","lang":"en","lastmod":-62135596800,"objectID":"4d4886567bb6823fa039ec45fd21b24a","permalink":"https://swiftsatfr3.github.io/outreach/","publishdate":"0001-01-01T00:00:00Z","relpermalink":"/outreach/","section":"","summary":"","tags":null,"title":"Outreach","type":"widget_page"},{"authors":null,"categories":null,"content":"","date":-62135596800,"expirydate":-62135596800,"kind":"page","lang":"en","lastmod":-62135596800,"objectID":"7d752e9f9c21080440d4436b30b9351b","permalink":"https://swiftsatfr3.github.io/people/","publishdate":"0001-01-01T00:00:00Z","relpermalink":"/people/","section":"","summary":"","tags":null,"title":"People","type":"widget_page"},{"authors":null,"categories":null,"content":"","date":-62135596800,"expirydate":-62135596800,"kind":"page","lang":"en","lastmod":-62135596800,"objectID":"850d3285b9d4b0dba29acf3237d91a0c","permalink":"https://swiftsatfr3.github.io/tools/","publishdate":"0001-01-01T00:00:00Z","relpermalink":"/tools/","section":"","summary":"","tags":null,"title":"Tools","type":"widget_page"}]