<?xml version="1.0" encoding="utf-8" standalone="yes"?><rss version="2.0" xmlns:atom="http://www.w3.org/2005/Atom"><channel><title>Publications | SWIFT-SAT FR3</title><link>https://swiftsatfr3.github.io/</link><atom:link href="https://swiftsatfr3.github.io/index.xml" rel="self" type="application/rss+xml"/><description>Publications</description><generator>Wowchemy (https://wowchemy.com)</generator><language>en-us</language><lastBuildDate>Fri, 13 Oct 2023 00:00:00 +0000</lastBuildDate><image><url>https://swiftsatfr3.github.io/images/logo.svg</url><title>Publications</title><link>https://swiftsatfr3.github.io/</link></image><item><title>SWIFT-SAT Software Defined Radio based Emulation of SAT-Terrestrial Network Coexistence in “FR3” Bands</title><link>https://swiftsatfr3.github.io/publication/mandayam-sat-2024/</link><pubDate>Fri, 13 Oct 2023 00:00:00 +0000</pubDate><guid>https://swiftsatfr3.github.io/publication/mandayam-sat-2024/</guid><description/></item><item><title>SBOL</title><link>https://swiftsatfr3.github.io/project/sbol/</link><pubDate>Mon, 07 Sep 2020 10:03:07 -0300</pubDate><guid>https://swiftsatfr3.github.io/project/sbol/</guid><description/></item><item><title>Achieving fast and exact hazard-free logic minimization of extended burst-mode gC finite state machines</title><link>https://swiftsatfr3.github.io/jacobsen-achieving-2000/</link><pubDate>Wed, 01 Nov 2000 00:00:00 +0000</pubDate><guid>https://swiftsatfr3.github.io/jacobsen-achieving-2000/</guid><description/></item><item><title/><link>https://swiftsatfr3.github.io/courses/</link><pubDate>Mon, 01 Jan 0001 00:00:00 +0000</pubDate><guid>https://swiftsatfr3.github.io/courses/</guid><description/></item><item><title/><link>https://swiftsatfr3.github.io/research/</link><pubDate>Mon, 01 Jan 0001 00:00:00 +0000</pubDate><guid>https://swiftsatfr3.github.io/research/</guid><description/></item><item><title>funding</title><link>https://swiftsatfr3.github.io/author/funding/</link><pubDate>Mon, 01 Jan 0001 00:00:00 +0000</pubDate><guid>https://swiftsatfr3.github.io/author/funding/</guid><description>&lt;p>This project is based upon work supported by the National Science Foundation under Grant No. 2332637. Any opinions, findings, and conclusions or recommendations expressed in this material are those of the author(s) and do not necessarily reflect the views of the National Science Foundation.&lt;/p></description></item><item><title>Outreach</title><link>https://swiftsatfr3.github.io/outreach/</link><pubDate>Mon, 01 Jan 0001 00:00:00 +0000</pubDate><guid>https://swiftsatfr3.github.io/outreach/</guid><description/></item><item><title>People</title><link>https://swiftsatfr3.github.io/people/</link><pubDate>Mon, 01 Jan 0001 00:00:00 +0000</pubDate><guid>https://swiftsatfr3.github.io/people/</guid><description/></item><item><title>Tools</title><link>https://swiftsatfr3.github.io/tools/</link><pubDate>Mon, 01 Jan 0001 00:00:00 +0000</pubDate><guid>https://swiftsatfr3.github.io/tools/</guid><description/></item></channel></rss>
