<?xml version="1.0" encoding="utf-8" standalone="yes" ?>
<rss version="2.0" xmlns:atom="http://www.w3.org/2005/Atom">
  <channel>
    <title>funding | SWIFT-SAT FR3</title>
    <link>https://swiftsatfr3.github.io/author/funding/</link>
      <atom:link href="https://swiftsatfr3.github.io/author/funding/index.xml" rel="self" type="application/rss+xml" />
    <description>funding</description>
    <generator>Wowchemy (https://wowchemy.com)</generator><language>en-us</language>
    <image>
      <url>https://swiftsatfr3.github.io/images/logo.svg</url>
      <title>funding</title>
      <link>https://swiftsatfr3.github.io/author/funding/</link>
    </image>
    
    <item>
      <title>funding</title>
      <link>https://swiftsatfr3.github.io/author/funding/</link>
      <pubDate>Mon, 01 Jan 0001 00:00:00 +0000</pubDate>
      <guid>https://swiftsatfr3.github.io/author/funding/</guid>
      <description>&lt;p&gt;This project is based upon work supported by the National Science Foundation under Grant No. 2332637. Any opinions, findings, and conclusions or recommendations expressed in this material are those of the author(s) and do not necessarily reflect the views of the National Science Foundation.&lt;/p&gt;
</description>
    </item>
    
  </channel>
</rss>
