<?xml version="1.0" encoding="utf-8" standalone="yes"?><rss version="2.0" xmlns:atom="http://www.w3.org/2005/Atom"><channel><title>Narayan Mandayam | SWIFT-SAT FR3</title><link>https://swiftsatfr3.github.io/author/narayan-mandayam/</link><atom:link href="https://swiftsatfr3.github.io/author/narayan-mandayam/index.xml" rel="self" type="application/rss+xml"/><description>Narayan Mandayam</description><generator>Wowchemy (https://wowchemy.com)</generator><language>en-us</language><image><url>https://swiftsatfr3.github.io/images/logo.svg</url><title>Narayan Mandayam</title><link>https://swiftsatfr3.github.io/author/narayan-mandayam/</link></image></channel></rss>