<?xml version="1.0" encoding="utf-8" standalone="yes"?><rss version="2.0" xmlns:atom="http://www.w3.org/2005/Atom"><channel><title>Zach Zundel | SWIFT-SAT FR3</title><link>https://swiftsatfr3.github.io/author/zach-zundel/</link><atom:link href="https://swiftsatfr3.github.io/author/zach-zundel/index.xml" rel="self" type="application/rss+xml"/><description>Zach Zundel</description><generator>Wowchemy (https://wowchemy.com)</generator><language>en-us</language><image><url>https://swiftsatfr3.github.io/images/logo.svg</url><title>Zach Zundel</title><link>https://swiftsatfr3.github.io/author/zach-zundel/</link></image></channel></rss>