<?xml version="1.0" encoding="utf-8" standalone="yes"?><rss version="2.0" xmlns:atom="http://www.w3.org/2005/Atom"><channel><title>Chung-Tse Michael Wu | SWIFT-SAT FR3</title><link>https://swiftsatfr3.github.io/author/chung-tse-michael-wu/</link><atom:link href="https://swiftsatfr3.github.io/author/chung-tse-michael-wu/index.xml" rel="self" type="application/rss+xml"/><description>Chung-Tse Michael Wu</description><generator>Wowchemy (https://wowchemy.com)</generator><language>en-us</language><image><url>https://swiftsatfr3.github.io/images/logo.svg</url><title>Chung-Tse Michael Wu</title><link>https://swiftsatfr3.github.io/author/chung-tse-michael-wu/</link></image></channel></rss>