<?xml version="1.0" encoding="utf-8" standalone="yes"?><rss version="2.0" xmlns:atom="http://www.w3.org/2005/Atom"><channel><title>Hazard-Free Logic Minimization | SWIFT-SAT FR3</title><link>https://swiftsatfr3.github.io/tag/hazard-free-logic-minimization/</link><atom:link href="https://swiftsatfr3.github.io/tag/hazard-free-logic-minimization/index.xml" rel="self" type="application/rss+xml"/><description>Hazard-Free Logic Minimization</description><generator>Wowchemy (https://wowchemy.com)</generator><language>en-us</language><lastBuildDate>Wed, 01 Nov 2000 00:00:00 +0000</lastBuildDate><image><url>https://swiftsatfr3.github.io/images/logo.svg</url><title>Hazard-Free Logic Minimization</title><link>https://swiftsatfr3.github.io/tag/hazard-free-logic-minimization/</link></image><item><title>Achieving fast and exact hazard-free logic minimization of extended burst-mode gC finite state machines</title><link>https://swiftsatfr3.github.io/jacobsen-achieving-2000/</link><pubDate>Wed, 01 Nov 2000 00:00:00 +0000</pubDate><guid>https://swiftsatfr3.github.io/jacobsen-achieving-2000/</guid><description/></item></channel></rss>