<?xml version="1.0" encoding="utf-8" standalone="yes"?><rss version="2.0" xmlns:atom="http://www.w3.org/2005/Atom"><channel><title>Computer Design Lab | SWIFT-SAT FR3</title><link>https://swiftsatfr3.github.io/author/computer-design-lab/</link><atom:link href="https://swiftsatfr3.github.io/author/computer-design-lab/index.xml" rel="self" type="application/rss+xml"/><description>Computer Design Lab</description><generator>Wowchemy (https://wowchemy.com)</generator><language>en-us</language><image><url>https://swiftsatfr3.github.io/images/logo.svg</url><title>Computer Design Lab</title><link>https://swiftsatfr3.github.io/author/computer-design-lab/</link></image></channel></rss>