<?xml version="1.0" encoding="utf-8" standalone="yes"?><rss version="2.0" xmlns:atom="http://www.w3.org/2005/Atom"><channel><title>Tags | SWIFT-SAT FR3</title><link>https://swiftsatfr3.github.io/tags/</link><atom:link href="https://swiftsatfr3.github.io/tags/index.xml" rel="self" type="application/rss+xml"/><description>Tags</description><generator>Wowchemy (https://wowchemy.com)</generator><language>en-us</language><lastBuildDate>Fri, 13 Oct 2023 00:00:00 +0000</lastBuildDate><image><url>https://swiftsatfr3.github.io/images/logo.svg</url><title>Tags</title><link>https://swiftsatfr3.github.io/tags/</link></image></channel></rss>