<?xml version="1.0" encoding="utf-8" standalone="yes"?><rss version="2.0" xmlns:atom="http://www.w3.org/2005/Atom"><channel><title>Asynchronous Circuit Design | SWIFT-SAT FR3</title><link>https://swiftsatfr3.github.io/author/asynchronous-circuit-design/</link><atom:link href="https://swiftsatfr3.github.io/author/asynchronous-circuit-design/index.xml" rel="self" type="application/rss+xml"/><description>Asynchronous Circuit Design</description><generator>Wowchemy (https://wowchemy.com)</generator><language>en-us</language><image><url>https://swiftsatfr3.github.io/images/logo.svg</url><title>Asynchronous Circuit Design</title><link>https://swiftsatfr3.github.io/author/asynchronous-circuit-design/</link></image></channel></rss>