<?xml version="1.0" encoding="utf-8" standalone="yes"?><rss version="2.0" xmlns:atom="http://www.w3.org/2005/Atom"><channel><title>Tramy Nguyen | SWIFT-SAT FR3</title><link>https://swiftsatfr3.github.io/author/tramy-nguyen/</link><atom:link href="https://swiftsatfr3.github.io/author/tramy-nguyen/index.xml" rel="self" type="application/rss+xml"/><description>Tramy Nguyen</description><generator>Wowchemy (https://wowchemy.com)</generator><language>en-us</language><image><url>https://swiftsatfr3.github.io/images/logo.svg</url><title>Tramy Nguyen</title><link>https://swiftsatfr3.github.io/author/tramy-nguyen/</link></image></channel></rss>