<?xml version="1.0" encoding="utf-8" standalone="yes"?><rss version="2.0" xmlns:atom="http://www.w3.org/2005/Atom"><channel><title>Verification of Cyber-Physical Systems | SWIFT-SAT FR3</title><link>https://swiftsatfr3.github.io/author/verification-of-cyber-physical-systems/</link><atom:link href="https://swiftsatfr3.github.io/author/verification-of-cyber-physical-systems/index.xml" rel="self" type="application/rss+xml"/><description>Verification of Cyber-Physical Systems</description><generator>Wowchemy (https://wowchemy.com)</generator><language>en-us</language><image><url>https://swiftsatfr3.github.io/images/logo.svg</url><title>Verification of Cyber-Physical Systems</title><link>https://swiftsatfr3.github.io/author/verification-of-cyber-physical-systems/</link></image></channel></rss>